"DESCRIPTION","DURATION IN MS","NAME","PARENT SUITE","START TIME","STATUS","STOP TIME","SUB SUITE","SUITE","TEST CLASS","TEST METHOD"
"","38705","[ESO-DINE-IN-0279] Reorder with the condition that there are menu notes on the order summary history","chromium","2026-02-24","passed","2026-02-24","Dine In ReOrder Summary","","",""
"","46131","[ESO-PICK-UP-0184] PICK-UP transactions with menu orders related by core","chromium","2026-02-24","passed","2026-02-24","Pickup Transaction","","",""
"","19698","[ESO-PICK-UP-0212] Verify the order summary display when dining in with a single menu order and an package quantity of 15","chromium","2026-02-24","passed","2026-02-24","Pick Up Order Summary","","",""
"","49797","[ESO-DINE-IN-0273] Reorder with a single menu item, add-ons, or a package on the order summary page.","chromium","2026-02-24","passed","2026-02-24","Dine In ReOrder Summary","","",""
"","15812","[ESO-DINE-IN-0097,0190] Transactions in dine-in mode with single menu orders paid using dana","chromium","2026-02-24","passed","2026-02-24","Dine in Transaction","","",""
"","31791","[ESO-PICKUPLTR446] Verify the order summary pickup later Current time display when dining in and paying with linkaja","chromium","2026-02-24","passed","2026-02-24","Pickup latter Order Summary Current Time","","",""
"","41902","[ESO-DINE-IN-0277] Reorder with a package menu item on the history summary page","chromium","2026-02-24","passed","2026-02-24","Dine In ReOrder Summary","","",""
"","59670","[ESO-PICKUPLTR451] Verify the order summary pickup later Current time display when dining in with bca va","chromium","2026-02-24","passed","2026-02-24","Pickup latter Order Summary Current Time","","",""
"","26047","[ESO-DINE-IN-0080] Edit menu change menu with extra menu after applying voucher and promo","chromium","2026-02-24","passed","2026-02-24","Dine In Promo And Voucher","","",""
"","28286","[ESO-PICK-UP-0069] Apply Promo special price eso dengan memasukan promo code di halaman section promo and vocher dimode pickup","chromium","2026-02-24","passed","2026-02-24","Pick Up Promo And Voucher","","",""
"","36165","[ESO-PICKUPLTR402] One Hour PICK-UP transactions with menu orders related by core","chromium","2026-02-24","passed","2026-02-24","Pickup Latter Transaction one hour","","",""
"","20980","[ESO-DINE-IN-0066] Apply Promo special price eso dengan klik card promo di halaman section promo and vocher dimode dinein","chromium","2026-02-24","passed","2026-02-24","Dine In Promo And Voucher","","",""
"","16013","[ESO-DINE-IN-0217] Verify the order summary display when dining in with a package menu order using the menu notes","chromium","2026-02-24","passed","2026-02-24","Dine In Order Summary","","",""
"","69951","[ESO-PICKUPLTR219, 228] Current time Transaction mode: PICK-UP order, single menu, apply promo: 10% discount on Menu, payment using Ovo.","chromium","2026-02-25","passed","2026-02-25","Pickup Latter Transaction current time","","",""
"","39131","[ESO-PICKUPLTR162, 281] Current time Transactions in PICK-UP mode with single menu orders paid using dana","chromium","2026-02-24","passed","2026-02-24","Pickup Latter Transaction current time","","",""
"","42077","[ESO-DINE-IN-0186] Dine-in transactions with menu orders related by core and eso","chromium","2026-02-24","passed","2026-02-24","Dine in Transaction","","",""
"","15901","[ESO-PICKUPLTR307] One Hour PickUp Transactions for PICK-UP orders, extras, and set menus with a promo amount of 25k, payment conditions not yet meeting the promo subtotal.","chromium","2026-02-24","passed","2026-02-24","Pickup Latter Transaction one hour","","",""
"","26785","[ESO-PICK-UP-0173] PICK-UP transactions with offline vouchers that do not meet the subtotal requirements","chromium","2026-02-24","passed","2026-02-24","Pickup Transaction","","",""
"","20376","[ESO-PICK-UP-0165] Transactions for PICK-UP orders, singles, extras, and set menus with a 50% Menu Discount promo applied, payable at the cashier","chromium","2026-02-24","passed","2026-02-24","Pickup Transaction","","",""
"","24152","[ESO-PICK-UPLT-0059] User Verification Successful Apply ESO % menu category detail promo by clicking promo card in the promo and voucher section page in PICK-UP mode","chromium","2026-02-24","passed","2026-02-24","Pick Up latter Promo And Voucher","","",""
"","22900","[ESO-PICKUPLTR135] Apply Promo limit % with package menu","chromium","2026-02-24","passed","2026-02-24","Pick Up latter Promo And Voucher","","",""
"","49643","[ESO-PICK-UP-0166] PICK-UP transactions, single orders, extras, set menus with special promotional prices, payment via Ovo","chromium","2026-02-24","passed","2026-02-24","Pickup Transaction","","",""
"","87922","[ESO-PICKUPLTR562] Verify the order summary pickup later one hour display when dining in, including the order fee","chromium","2026-02-24","passed","2026-02-24","pickup latter Order Summary One Hour","","",""
"","61188","[ESO-DINE-IN-0139] Transactions for dine-in orders, singles, extras, and set menus with a 10% discount on Menu Category items by entering a valid promo code.","chromium","2026-02-24","passed","2026-02-24","Dine in Transaction","","",""
"","26134","[ESO-DINE-IN-0168] Dine-in transactions, single orders, extras, set menus with special promotional prices, payment via BCA VA","chromium","2026-02-24","passed","2026-02-24","Dine in Transaction","","",""
"","48229","[ESO-PICK-UP-0096] Transactions in PICK-UP mode with single menu orders paid using Ovo","chromium","2026-02-24","passed","2026-02-24","Pickup Transaction","","",""
"","64846","[ESO-PICKUPLTR173, 284] Current time Transaction mode: PICK-UP order, single, extra, menu package with a promo amount of 25k, payment using BRI VA.","chromium","2026-02-24","passed","2026-02-24","Pickup Latter Transaction current time","","",""
"","51797","[ESO-DINE-IN-0271] Reorder with a extra menu item on the order summary page","chromium","2026-02-24","passed","2026-02-24","Dine In ReOrder Summary","","",""
"","85891","[ESO-PICKUPLTR341] One Hour Transactions for PICK-UP orders, singles, extras, menu packages with promo applied Menu Category Details 70% payment using BCA VA","chromium","2026-02-24","failed","2026-02-24","Pickup Latter Transaction one hour","","",""
"","21848","[ESO-PICKUPLTR299, 422] One Hour PickUp Transactions in PICK-UP mode with single menu orders paid using cashier","chromium","2026-02-24","passed","2026-02-24","Pickup Latter Transaction one hour","","",""
"","43567","[ESO-PICKUPLTR231] Current time PICK-UP transactions, single orders, extras, set menus with special promotional prices, payment via Ovo","chromium","2026-02-25","passed","2026-02-25","Pickup Latter Transaction current time","","",""
"","25605","[ESO-DINE-IN-0229] Verify the order summary display when dining in with bri va","chromium","2026-02-24","passed","2026-02-24","Dine In Order Summary","","",""
"","20478","[ESO-PICKUPLTR509] Verify the order summary pickup later one hour display when dining in with a single menu order using the menu notes","chromium","2026-02-24","passed","2026-02-24","pickup latter Order Summary One Hour","","",""
"","52165","[ESO-DINE-IN-0276] Reorder with a extra menu item on the history summary page","chromium","2026-02-24","passed","2026-02-24","Dine In ReOrder Summary","","",""
"","34447","[ESO-PICK-UP-0267] Verify the order summary display when dining in, including the order fee","chromium","2026-02-24","passed","2026-02-24","Pick Up Order Summary","","",""
"","18032","[ESO-PICK-UPLT-0031] User Verification Successful Apply Rp ESO amount promo by clicking promo card in the promo and voucher section page in PICK-UP mode","chromium","2026-02-24","passed","2026-02-24","Pick Up latter Promo And Voucher","","",""
"","27330","[ESO-PICKUPLTR70] Verify the order summary pickup later Current time display when dining in and applying the eso promo amount","chromium","2026-02-24","passed","2026-02-24","Pickup latter Order Summary Current Time","","",""
"","28340","[ESO-PICKUPLTR404, 411] One Hour PICK-UP transactions with menu orders related by core and eso","chromium","2026-02-24","passed","2026-02-24","Pickup Latter Transaction one hour","","",""
"","26061","[ESO-PICK-UP-0055] User Verification Successful Apply ESO % menu category detail promo by entering promo code in the promo and voucher section page in PICK-UP mode","chromium","2026-02-24","passed","2026-02-24","Pick Up Promo And Voucher","","",""
"","30052","[ESO-DINE-IN-0196] Dine-in transactions with Cimb VA payments","chromium","2026-02-24","passed","2026-02-24","Dine in Transaction","","",""
"","12701","[ESO-PICK-UP-0203] Verify the order summary display when dining in with a single menu order of 1 quantity","chromium","2026-02-24","passed","2026-02-24","Pick Up Order Summary","","",""
"","19080","[ESO-PICKUPLTR439] Verify the order summary pickup later Current time display when dining in with a single menu order using the menu notes","chromium","2026-02-24","passed","2026-02-24","Pickup latter Order Summary Current Time","","",""
"","21917","[ESO-PICKUPLTR175, 187, 199, 211, 223] Current time Transactions for PICK-UP orders, extras, and set menus with a promo amount of 25k are subject to promo usage limits.","chromium","2026-02-24","passed","2026-02-24","Pickup Latter Transaction current time","","",""
"","35779","[ESO-PICKUPLTR403] One Hour PICK-UP transactions with menu orders related by eso","chromium","2026-02-24","passed","2026-02-24","Pickup Latter Transaction one hour","","",""
"","34873","[ESO-DINE-IN-0245] Verify the order summary display when dining in and applying the eso promo amount","chromium","2026-02-24","passed","2026-02-24","Dine In Order Summary","","",""
"","64655","[ESO-DINE-IN-0230] Verify the order summary display when dining in with mandiri va","chromium","2026-02-24","passed","2026-02-24","Dine In Order Summary","","",""
"","31486","[ESO-DINE-IN-0219] Verify the order summary display when dining in and paying with OVO.","chromium","2026-02-24","passed","2026-02-24","Dine In Order Summary","","",""
"","58910","[ESO-DINE-IN-0227] Verify the order summary display when dining in with bca va","chromium","2026-02-24","passed","2026-02-24","Dine In Order Summary","","",""
"","91907","[ESO-PICKUPLTR539] Verify the order summary pickup later one hour display when dining in and applying the eso promo amount","chromium","2026-02-24","passed","2026-02-24","pickup latter Order Summary One Hour","","",""
"","15546","[ESO-PICKUPLTR499] Verify the order summary pickup later one hour display when dining in with an extra menu order of 1 quantity","chromium","2026-02-24","passed","2026-02-24","pickup latter Order Summary One Hour","","",""
"","41903","[ESO-PICKUPLTR295] One Hour PickUp Transactions in PICK-UP mode with single menu orders paid using dana","chromium","2026-02-24","passed","2026-02-24","Pickup Latter Transaction one hour","","",""
"","66796","[ESO-PICK-UP-0132,0156] Transactions for PICK-UP orders, extras, menu packages with a 10% discount promo for Menu Category 10% payment using BRI VA.","chromium","2026-02-24","passed","2026-02-24","Pickup Transaction","","",""
"","23361","[ESO-DINE-IN-0181,0152] Dine-in transactions, with unregistered ESB vouchers applied at the branch","chromium","2026-02-24","passed","2026-02-24","Dine in Transaction","","",""
"","63482","[ESO-PICKUPLTR354] One Hour Transaction mode: PICK-UP order, single menu, apply promo: 10% discount on Menu, payment using bca VA.","chromium","2026-02-24","passed","2026-02-24","Pickup Latter Transaction one hour","","",""
"","25745","[ESO-PICKUPLTR309] One Hour PickUp Transaction mode: PICK-UP order, single, extra, set menu with a promo amount of 25k. Payment can only be made using Ovo.
However, I tried to pay using Dana.","chromium","2026-02-24","passed","2026-02-24","Pickup Latter Transaction one hour","","",""
"","35306","[ESO-PICK-UP-0097,0190] Transactions in PICK-UP mode with single menu orders paid using dana","chromium","2026-02-24","passed","2026-02-24","Pickup Transaction","","",""
"","30771","[ESO-PICKUPLTR443] Verify the order summary pickup later Current time display when dining in and paying with OVO.","chromium","2026-02-24","passed","2026-02-24","Pickup latter Order Summary Current Time","","",""
"","102663","[ESO-PICKUPLTR492] Verify the order summary pickup later Current time display when dining in with bundled menu orders and eso promo amounts","chromium","2026-02-24","passed","2026-02-24","Pickup latter Order Summary Current Time","","",""
"","21377","[ESO-DINE-IN-0175,0178] Dine-in transactions, with online voucher application type amount not registered at the branch","chromium","2026-02-24","passed","2026-02-24","Dine in Transaction","","",""
"","56578","[ESO-PICKUPLTR458] Verify the order summary pickup later Current time display when dining in with permata va","chromium","2026-02-24","passed","2026-02-24","Pickup latter Order Summary Current Time","","",""
"","12378","[ESO-DINE-IN-0082] Apply Promo limit % with single menu","chromium","2026-02-24","passed","2026-02-24","Dine In Promo And Voucher","","",""
"","53236","[ESO-DINE-IN-0171,0194] Dine-in transactions, single orders, extras, set menus with single menu items crossed out, payment via Mandiri VA","chromium","2026-02-24","passed","2026-02-24","Dine in Transaction","","",""
"","57487","[ESO-PICK-UP-0227] Verify the order summary display when dining in with bca va","chromium","2026-02-24","passed","2026-02-24","Pick Up Order Summary","","",""
"","14308","[ESO-PICKUPLTR428] Verify the order summary pickup later Current time display when dining in with a single menu order of 5 quantity","chromium","2026-02-24","passed","2026-02-24","Pickup latter Order Summary Current Time","","",""
"","24859","[ESO-PICK-UP-0048] User Verification Successful Apply ESO % menu category promo by entering promo code in the promo and voucher section page in PICK-UP mode","chromium","2026-02-24","passed","2026-02-24","Pick Up Promo And Voucher","","",""
"","20318","[ESO-DINE-IN-0101] Transactions in dine-in mode with single menu orders paid using cashier","chromium","2026-02-24","passed","2026-02-24","Dine in Transaction","","",""
"","65025","[ESO-PICK-UP-0107,0192] Transaction mode: PICK-UP order, single, extra, menu package with a promo amount of 25k, payment using BCA VA.","chromium","2026-02-24","passed","2026-02-24","Pickup Transaction","","",""
"","14781","[ESO-DINE-IN-0099,0189] Transactions in dine-in mode with single menu orders paid using linkaja","chromium","2026-02-24","passed","2026-02-24","Dine in Transaction","","",""
"","61269","[ESO-PICK-UP-0197] PICK-UP transactions with Kredivo VA payments","chromium","2026-02-24","passed","2026-02-24","Pickup Transaction","","",""
"","61186","[ESO-PICK-UP-0226] Verify the order summary display when dining in with QR code payment","chromium","2026-02-24","passed","2026-02-24","Pick Up Order Summary","","",""
"","32393","[ESO-DINE-IN-0212] Verify the order summary display when dining in with a single menu order and an package quantity of 15","chromium","2026-02-24","passed","2026-02-24","Dine In Order Summary","","",""
"","69063","[ESO-PICK-UP-0103,0191] Transactions in PICK-UP mode with single menu with notes orders paid using qris","chromium","2026-02-24","passed","2026-02-24","Pickup Transaction","","",""
"","20319","[ESO-PICKUPLTR133] Apply Promo limit % with single menu","chromium","2026-02-24","passed","2026-02-24","Pick Up latter Promo And Voucher","","",""
"","28144","[ESO-PICKUPLTR308, 320, 332, 344, 356] One Hour PickUp Transactions for PICK-UP orders, extras, and set menus with a promo amount of 25k are subject to promo usage limits.","chromium","2026-02-24","passed","2026-02-24","Pickup Latter Transaction one hour","","",""
"","58648","[ESO-PICKUPLTR287] Current time PICK-UP transactions with Cimb VA payments","chromium","2026-02-24","passed","2026-02-24","Pickup Latter Transaction current time","","",""
"","18451","[ESO-PICKUPLTR502] Verify the order summary pickup later one hour display when dining in with a menu package order of 14 quantity.","chromium","2026-02-24","passed","2026-02-24","pickup latter Order Summary One Hour","","",""
"","21699","[ESO-DINE-IN-0052] User Verification Successful Apply ESO % menu category detail promo by clicking promo card in the promo and voucher section page in dine-in mode","chromium","2026-02-24","passed","2026-02-24","Dine In Promo And Voucher","","",""
"","15053","[ESO-PICK-UPLT-0034] User Verification Successful Apply Rp ESO amount promo by entering promo code in the promo and voucher section page in PICK-UP mode","chromium","2026-02-24","passed","2026-02-24","Pick Up latter Promo And Voucher","","",""
"","42122","[ESO-DINE-IN-0354] Reorder with the reordered menu sold out on the order summary page","chromium","2026-02-24","passed","2026-02-24","Dine In ReOrder Summary","","",""
"","33231","[ESO-PICKUPLTR242] Current time PICK-UP transactions, with expired offline vouchers applied","chromium","2026-02-24","passed","2026-02-24","Pickup Latter Transaction current time","","",""
"","59312","[ESO-PICKUPLTR170] Current time Transactions for PICK-UP orders, singles, extras, set menus with menu notes in the set menu payment menu using QR codes.","chromium","2026-02-24","passed","2026-02-24","Pickup Latter Transaction current time","","",""
"","9362","[ESO-DINE-IN-0223] Verify the order summary display when dining in and paying with gopay","chromium","2026-02-24","passed","2026-02-24","Dine In Order Summary","","",""
"","29087","[ESO-PICK-UP-0052] User Verification Successful Apply ESO % menu category detail promo by clicking promo card in the promo and voucher section page in PICK-UP mode","chromium","2026-02-24","passed","2026-02-24","Pick Up Promo And Voucher","","",""
"","28743","[ESO-PICKUPLTR444] Verify the order summary pickup later Current time display when dining in and paying with shopee","chromium","2026-02-24","passed","2026-02-24","Pickup latter Order Summary Current Time","","",""
"","12829","[ESO-DINE-IN-0031] User Verification Successful Apply Rp ESO amount promo by clicking promo card in the promo and voucher section page in dine-in mode","chromium","2026-02-24","passed","2026-02-24","Dine In Promo And Voucher","","",""
"","40321","[ESO-PICK-UP-0268] Verify the order summary display when the transaction is PICK-UP price inclusive","chromium","2026-02-24","passed","2026-02-24","Pick Up Order Summary","","",""
"","55257","[ESO-PICKUPLTR525] Verify the order summary pickup later one hour display when dining in with cimb va","chromium","2026-02-24","passed","2026-02-24","pickup latter Order Summary One Hour","","",""
"","56566","[ESO-PICKUPLTR520] Verify the order summary pickup later one hour display when dining in with bca va","chromium","2026-02-24","passed","2026-02-24","pickup latter Order Summary One Hour","","",""
"","50622","[ESO-DINE-IN-0106] Transaction mode: dine-in order, single menu, apply promo amount of 25k, payment using Ovo.","chromium","2026-02-24","passed","2026-02-24","Dine in Transaction","","",""
"","55501","[ESO-PICK-UP-0228] Verify the order summary display when dining in with bni va","chromium","2026-02-24","passed","2026-02-24","Pick Up Order Summary","","",""
"","25345","[ESO-PICK-UP-0066] Apply Promo special price eso dengan klik card promo di halaman section promo and vocher dimode pickup","chromium","2026-02-24","passed","2026-02-24","Pick Up Promo And Voucher","","",""
"","9829","[ESO-PICKUPLTR447] Verify the order summary pickup later Current time display when dining in and paying with gopay","chromium","2026-02-24","passed","2026-02-24","Pickup latter Order Summary Current Time","","",""
"","55634","[ESO-PICK-UP-0233] Verify the order summary display when dining in with maybank va","chromium","2026-02-24","passed","2026-02-24","Pick Up Order Summary","","",""
"","42646","[ESO-PICK-UP-0245] Verify the order summary display when dining in and applying the eso promo amount","chromium","2026-02-24","passed","2026-02-24","Pick Up Order Summary","","",""
"","9879","[ESO-DINE-IN-0100] Transactions in dine-in mode with single menu orders paid using gopay","chromium","2026-02-24","passed","2026-02-24","Dine in Transaction","","",""
"","25986","[ESO-PICKUPLTR240] Current time PICK-UP transactions, with offline vouchers that are not registered at the branch","chromium","2026-02-24","passed","2026-02-24","Pickup Latter Transaction current time","","",""
"","22418","[ESO-PICKUPLTR506] Verify the order summary pickup later one hour display when dining in with a single menu order and an package quantity of 15","chromium","2026-02-24","passed","2026-02-24","pickup latter Order Summary One Hour","","",""
"","16338","[ESO-PICK-UP-0101] Transactions in PICK-UP mode with single menu orders paid using cashier","chromium","2026-02-24","passed","2026-02-24","Pickup Transaction","","",""
"","16594","[ESO-PICKUPLTR433] Verify the order summary pickup later Current time display when dining in with a single menu order and an extra quantity of 1","chromium","2026-02-24","passed","2026-02-24","Pickup latter Order Summary Current Time","","",""
"","91500","[ESO-PICKUPLTR221] Current time Transaction mode: PICK-UP order, single menu, apply promo: 10% discount on Menu, payment using bca VA.","chromium","2026-02-25","passed","2026-02-25","Pickup Latter Transaction current time","","",""
"","48071","[ESO-PICK-UP-0119] Transactions for PICK-UP orders, singles, extras, and set menus with a 35% discount on all categories when paying using BCA VA.","chromium","2026-02-24","passed","2026-02-24","Pickup Transaction","","",""
"","26097","[ESO-PICKUPLTR503] Verify the order summary pickup later one hour display when dining in with a single menu order and an extra quantity of 1","chromium","2026-02-24","passed","2026-02-24","pickup latter Order Summary One Hour","","",""
"","88488","[ESO-PICKUPLTR220] Current time Transaction mode: PICK-UP order, single menu, apply promo: 10% discount on Menu, payment using bca VA.","chromium","2026-02-25","passed","2026-02-25","Pickup Latter Transaction current time","","",""
"","12195","[ESO-PICKUPLTR359, 311, 323, 335, 347] One Hour Transactions for PICK-UP orders, singles, extras, and set menus with a 50% discount promotion apply. The promotion is not valid on Mondays through Fridays","chromium","2026-02-24","passed","2026-02-24","Pickup Latter Transaction one hour","","",""
"","14436","[ESO-DINE-IN-0084] Apply Promo limit % with package menu","chromium","2026-02-24","passed","2026-02-24","Dine In Promo And Voucher","","",""
"","18470","[ESO-PICKUPLTR432] Verify the order summary pickup later Current time display when dining in with a menu package order of 14 quantity.","chromium","2026-02-24","passed","2026-02-24","Pickup latter Order Summary Current Time","","",""
"","21074","[ESO-DINE-IN-0210] Verify the order summary display when dining in with a single menu order and an extra quantity of 13","chromium","2026-02-24","passed","2026-02-24","Dine In Order Summary","","",""
"","14766","[ESO-DINE-IN-0083] Apply Promo limit % with extra menu","chromium","2026-02-24","passed","2026-02-24","Dine In Promo And Voucher","","",""
"","16835","[ESO-PICKUPLTR215, 179, 191, , 227] Current time Transactions in PICK-UP mode: single orders, extras, set menus with a 70% discount applied to the menu category detail, then validated by subtracting the menu items","chromium","2026-02-24","passed","2026-02-24","Pickup Latter Transaction current time","","",""
"","28458","[ESO-PICKUPLTR375] One hour PICK-UP transactions, with expired offline vouchers applied","chromium","2026-02-24","passed","2026-02-24","Pickup Latter Transaction one hour","","",""
"","23315","[ESO-DINE-IN-0218] Verify the order summary display when dining in with single, extra, or package orders using the menu notes","chromium","2026-02-24","passed","2026-02-24","Dine In Order Summary","","",""
"","62497","[ESO-PICK-UP-0130,0154] Transaction mode: PICK-UP order, single menu, apply promo: 10% discount on Menu Category, payment using Ovo.","chromium","2026-02-24","passed","2026-02-24","Pickup Transaction","","",""
"","22547","[ESO-PICK-UP-0084] Apply Promo limit % with package menu","chromium","2026-02-24","passed","2026-02-24","Pick Up Promo And Voucher","","",""
"","22805","[ESO-DINE-IN-0203] Verify the order summary display when dining in with a single menu order of 1 quantity","chromium","2026-02-24","passed","2026-02-24","Dine In Order Summary","","",""
"","25470","[ESO-PICKUPLTR512] Verify the order summary pickup later one hour display when dining in with single, extra, or package orders using the menu notes","chromium","2026-02-24","passed","2026-02-24","pickup latter Order Summary One Hour","","",""
"","23439","[ESO-PICK-UP-0041] User Verification Successful Apply ESO % all category promo by entering promo code in the promo and voucher section page in PICK-UP mode","chromium","2026-02-24","passed","2026-02-24","Pick Up Promo And Voucher","","",""
"","35872","[ESO-DINE-IN-0143] Transactions for dine-in orders, singles, extras, menu packages with promo applied Menu Category Details 70% payment using BCA VA","chromium","2026-02-24","passed","2026-02-24","Dine in Transaction","","",""
"","11620","[ESO-DINE-IN-0224] Verify the order summary display when dining in and paying with card/ debit online","chromium","2026-02-24","passed","2026-02-24","Dine In Order Summary","","",""
"","24531","[ESO-PICKUPLTR164, 280] Current time Transactions in PICK-UP mode with single menu orders paid using linkaja","chromium","2026-02-24","passed","2026-02-24","Pickup Latter Transaction current time","","",""
"","21683","[ESO-PICKUPLTR226, 178, 190, 202, 214] Current time Transactions for PICK-UP orders, singles, extras, and set menus with a 50% discount promotion apply. The promotion is not valid on Mondays through Fridays","chromium","2026-02-25","passed","2026-02-25","Pickup Latter Transaction current time","","",""
"","36761","[ESO-PICKUPLTR270] Current time PICK-UP transactions with menu orders related by eso","chromium","2026-02-24","passed","2026-02-24","Pickup Latter Transaction current time","","",""
"","37004","[ESO-DINE-IN-0185,0187] Dine-in transactions with menu orders related by eso","chromium","2026-02-24","passed","2026-02-24","Dine in Transaction","","",""
"","21116","[ESO-PICKUPLTR530] Verify the order summary pickup later one hour display when dining in with payment in cashier","chromium","2026-02-24","passed","2026-02-24","pickup latter Order Summary One Hour","","",""
"","49041","[ESO-PICK-UP-0139] Transactions for PICK-UP orders, singles, extras, and set menus with a 10% discount on Menu Category items by entering a valid promo code.","chromium","2026-02-24","passed","2026-02-24","Pickup Transaction","","",""
"","51407","[ESO-PICKUPLTR352, 361] One Hour Transaction mode: PICK-UP order, single menu, apply promo: 10% discount on Menu, payment using Ovo.","chromium","2026-02-24","passed","2026-02-24","Pickup Latter Transaction one hour","","",""
"","32389","[ESO-DINE-IN-0153] Transactions for dine-in orders, singles, extras, and set menus with a 70% discount applied at the cashier","chromium","2026-02-24","passed","2026-02-24","Dine in Transaction","","",""
"","19633","[ESO-PICKUPLTR440] Verify the order summary pickup later Current time display when dining in with a extra menu order using the menu notes","chromium","2026-02-24","passed","2026-02-24","Pickup latter Order Summary Current Time","","",""
"","51934","[ESO-PICKUPLTR420] One Hour PICK-UP transactions with Cimb VA payments","chromium","2026-02-24","passed","2026-02-24","Pickup Latter Transaction one hour","","",""
"","11713","[ESO-PICK-UP-0100] Transactions in PICK-UP mode with single menu orders paid using gopay","chromium","2026-02-24","passed","2026-02-24","Pickup Transaction","","",""
"","52124","[ESO-PICK-UP-0232] Verify the order summary display when dining in with permata va","chromium","2026-02-24","passed","2026-02-24","Pick Up Order Summary","","",""
"","22869","[ESO-PICKUPLTR181, 193, 205, 217, 229] Current time PICK-UP transactions, with online voucher application type amount not registered at the branch","chromium","2026-02-24","passed","2026-02-24","Pickup Latter Transaction current time","","",""
"","68926","[ESO-PICK-UP-0120] Transactions for PICK-UP orders, singles, extras, and set menus with a 35% discount on all categories when paying using BCA VA.","chromium","2026-02-24","passed","2026-02-24","Pickup Transaction","","",""
"","51813","[ESO-DINE-IN-0233] Verify the order summary display when dining in with maybank va","chromium","2026-02-24","passed","2026-02-24","Dine In Order Summary","","",""
"","24385","[ESO-DINE-IN-0055] User Verification Successful Apply ESO % menu category detail promo by entering promo code in the promo and voucher section page in dine-in mode","chromium","2026-02-24","passed","2026-02-24","Dine In Promo And Voucher","","",""
"","25396","[ESO-PICK-UP-0183,0151,0164] PICK-UP transaction, with expired ESB voucher applied","chromium","2026-02-24","passed","2026-02-24","Pickup Transaction","","",""
"","13539","[ESO-DINE-IN-0098,0198] Transactions in dine-in mode with single menu orders paid using cashier","chromium","2026-02-24","passed","2026-02-24","Dine in Transaction","","",""
"","52461","[ESO-PICKUPLTR340, 349] One Hour Transaction mode: PICK-UP order, single menu, apply promo Percentage Menu Category Details 70% payment using Ovo","chromium","2026-02-24","passed","2026-02-24","Pickup Latter Transaction one hour","","",""
"","8718","[ESO-PICKUPLTR449] Verify the order summary pickup later one hour display when dining in and paying with indepay","chromium","2026-02-24","passed","2026-02-24","pickup latter Order Summary One Hour","","",""
"","24031","[ESO-PICKUPLTR218, 289] Current time Transactions for PICK-UP orders, singles, extras, and set menus with a 70% discount applied at the cashier","chromium","2026-02-24","passed","2026-02-24","Pickup Latter Transaction current time","","",""
"","12744","[ESO-PICK-UP-0109,0121,0133,0145,0157,0182] Transactions for PICK-UP orders, extras, and set menus with a promo amount of 25k, payment conditions not yet meeting the promo subtotal.","chromium","2026-02-24","passed","2026-02-24","Pickup Transaction","","",""
"","25873","[ESO-PICK-UPLT-0048] User Verification Successful Apply ESO % menu category promo by entering promo code in the promo and voucher section page in PICK-UP mode","chromium","2026-02-24","passed","2026-02-24","Pick Up latter Promo And Voucher","","",""
"","61985","[ESO-PICKUPLTR168, 282, 415] Current time Transactions in PICK-UP mode with single, package and extra menu with notes orders paid using qris","chromium","2026-02-24","passed","2026-02-24","Pickup Latter Transaction current time","","",""
"","34250","[ESO-DINE-IN-0144] Transactions for dine-in orders, singles, extras, menu packages with promo applied Menu Category Details 70% payment using BRI VA","chromium","2026-02-24","passed","2026-02-24","Dine in Transaction","","",""
"","28808","[ESO-PICKUPLTR247, 253] Current time PICK-UP transactions, with online voucher application type amount that does not meet the subtotal requirements","chromium","2026-02-25","passed","2026-02-25","Pickup Latter Transaction current time","","",""
"","49447","[ESO-PICK-UP-0142] Transaction mode: PICK-UP order, single menu, apply promo Percentage Menu Category Details 70% payment using Ovo","chromium","2026-02-24","passed","2026-02-24","Pickup Transaction","","",""
"","22492","[ESO-PICKUPLTR246, 252] Current time PICK-UP transactions, with online voucher application type amount not registered at the branch","chromium","2026-02-24","passed","2026-02-24","Pickup Latter Transaction current time","","",""
"","52893","[ESO-PICKUPLTR325] One Hour Transactions for PICK-UP orders, extras, and set menus with a promo amount of 25k by entering a valid promo code.","chromium","2026-02-24","passed","2026-02-24","Pickup Latter Transaction one hour","","",""
"","18495","[ESO-DINE-IN-0110,0122,0134,0146,0158] Transactions for dine-in orders, extras, and set menus with a promo amount of 25k are subject to promo usage limits.","chromium","2026-02-24","passed","2026-02-24","Dine in Transaction","","",""
"","14718","[ESO-DINE-IN-0207] Verify the order summary display when dining in with a menu package order of 1 quantity.","chromium","2026-02-24","passed","2026-02-24","Dine In Order Summary","","",""
"","29770","[ESO-PICKUPLTR545] Verify the order summary pickup later one hour display during PICK-UP transactions by applying the eso special price promotion","chromium","2026-02-24","passed","2026-02-24","pickup latter Order Summary One Hour","","",""
"","19668","[ESO-PICKUPLTR504] Verify the order summary pickup later one hour display when dining in with a single menu order and an extra quantity of 13","chromium","2026-02-24","passed","2026-02-24","pickup latter Order Summary One Hour","","",""
"","16731","[ESO-PICKUPLTR441] Verify the order summary pickup later Current time display when dining in with a package menu order using the menu notes","chromium","2026-02-24","passed","2026-02-24","Pickup latter Order Summary Current Time","","",""
"","75376","[ESO-PICKUPLTR302] One Hour PickUp Transactions for PICK-UP orders, extras, menu packages with menu notes in the extra menu, payment using QR code.","chromium","2026-02-25","passed","2026-02-25","Pickup Latter Transaction one hour","","",""
"","43225","[ESO-DINE-IN-0214] Verify the order summary display when the transaction is completed with a single extra package order of 19 qty each","chromium","2026-02-24","passed","2026-02-24","Dine In Order Summary","","",""
"","61215","[ESO-PICKUPLTR209] Current time Transactions for PICK-UP orders, singles, extras, menu packages with promo applied Menu Category Details 70% payment using BRI VA","chromium","2026-02-24","passed","2026-02-24","Pickup Latter Transaction current time","","",""
"","41509","[ESO-PICKUPLTR315, 327, 339, 363] One hour PICK-UP transactions, singles, extras, and set menus with a 50% Menu Discount promo applied, payable at the cashier","chromium","2026-02-24","passed","2026-02-24","Pickup Latter Transaction one hour","","",""
"","55133","[ESO-PICK-UP-0171,0194] PICK-UP transactions, single orders, extras, set menus with single menu items crossed out, payment via Mandiri VA","chromium","2026-02-24","passed","2026-02-24","Pickup Transaction","","",""
"","67179","[ESO-PICKUPLTR450] Verify the order summary pickup later Current time display when dining in with QR code payment","chromium","2026-02-24","passed","2026-02-24","Pickup latter Order Summary Current Time","","",""
"","18930","[ESO-PICKUPLTR430] Verify the order summary pickup later Current time display when dining in with an extra menu order of 7 quantity","chromium","2026-02-24","passed","2026-02-24","Pickup latter Order Summary Current Time","","",""
"","37795","[ESO-PICKUPLTR367] One Hour PICK-UP transactions, single orders, extras, set menus with single menu items crossed out, payment via Ovo","chromium","2026-02-24","passed","2026-02-24","Pickup Latter Transaction one hour","","",""
"","23413","[ESO-PICKUPLTR296] One Hour PickUp Transactions in PICK-UP mode with single menu orders paid using cashier","chromium","2026-02-24","passed","2026-02-24","Pickup Latter Transaction one hour","","",""
"","52908","[ESO-DINE-IN-0127,0163] Transactions for dine-in orders, extras, and set menus with a 35% discount on all categories by entering a valid promo code.","chromium","2026-02-24","passed","2026-02-24","Dine in Transaction","","",""
"","29029","[ESO-PICKUPLTR508] Verify the order summary pickup later one hour display when the transaction is completed with a single extra package order of 19 qty each","chromium","2026-02-24","passed","2026-02-24","pickup latter Order Summary One Hour","","",""
"","101439","[ESO-PICKUPLTR564] Verify the order summary pickup later one hour display when the transaction is PICK-UP price non inclusive","chromium","2026-02-24","passed","2026-02-24","pickup latter Order Summary One Hour","","",""
"","19962","[ESO-PICK-UP-0079] Edit menu change menu with single menu after applying voucher and promo","chromium","2026-02-24","passed","2026-02-24","Pick Up Promo And Voucher","","",""
"","70449","[ESO-PICK-UP-0105] Transactions for PICK-UP orders, singles, extras, set menus with menu notes in the set menu payment menu using QR codes.","chromium","2026-02-24","passed","2026-02-24","Pickup Transaction","","",""
"","32094","[ESO-PICKUPLTR294] One Hour PickUp Transactions in PICK-UP mode with single menu orders paid using Ovo","chromium","2026-02-24","passed","2026-02-24","Pickup Latter Transaction one hour","","",""
"","19596","[ESO-PICKUPLTR507] Verify the order summary pickup later one hour display when the transaction is completed with a single extra package order of 3 qty each","chromium","2026-02-24","passed","2026-02-24","pickup latter Order Summary One Hour","","",""
"","13901","[ESO-PICKUPLTR319, 331, 343, 355] One Hour Transactions for PICK-UP orders, extras, and set menus with a promo amount of 25k, payment conditions not yet meeting the promo subtotal.","chromium","2026-02-24","passed","2026-02-24","Pickup Latter Transaction one hour","","",""
"","61896","[ESO-PICKUPLTR454] Verify the order summary pickup later Current time display when dining in with mandiri va","chromium","2026-02-24","passed","2026-02-24","Pickup latter Order Summary Current Time","","",""
"","45905","[ESO-DINE-IN-0272] Reorder with a package menu item on the order summary page","chromium","2026-02-24","passed","2026-02-24","Dine In ReOrder Summary","","",""
"","39967","[ESO-DINE-IN-0364] Reorder with the reordered menu is no longer on the order history page.","chromium","2026-02-24","passed","2026-02-24","Dine In ReOrder Summary","","",""
"","24841","[ESO-PICK-UP-0110,0122,0134,0146,0158] Transactions for PICK-UP orders, extras, and set menus with a promo amount of 25k are subject to promo usage limits.","chromium","2026-02-24","passed","2026-02-24","Pickup Transaction","","",""
"","64284","[ESO-PICKUPLTR197] Current time Transactions for PICK-UP orders, extras, menu packages with a 10% discount promo for Menu Category 10% payment using BRI VA.","chromium","2026-02-24","passed","2026-02-24","Pickup Latter Transaction current time","","",""
"","29734","[ESO-PICK-UP-0222] Verify the order summary display when dining in and paying with linkaja","chromium","2026-02-24","passed","2026-02-24","Pick Up Order Summary","","",""
"","13298","[ESO-PICK-UP-0215] Verify the order summary display when dining in with a single menu order using the menu notes","chromium","2026-02-24","passed","2026-02-24","Pick Up Order Summary","","",""
"","28277","[ESO-DINE-IN-0177,0180] Dine-in transactions using expired online vouchers.","chromium","2026-02-25","passed","2026-02-25","Dine in Transaction","","",""
"","82518","[ESO-PICKUPLTR353, 416] One Hour Transaction mode: PICK-UP order, single menu, apply promo: 10% discount on Menu, payment using bca VA.","chromium","2026-02-24","failed","2026-02-24","Pickup Latter Transaction one hour","","",""
"","77115","[ESO-PICKUPLTR330] One Hour Transaction mode: PICK-UP order, single menu, apply promo: 10% discount on Menu, payment using bca VA.","chromium","2026-02-24","passed","2026-02-24","Pickup Latter Transaction one hour","","",""
"","10773","[ESO-PICKUPLTR518] Verify the order summary pickup later one hour display when dining in and paying with card/ debit online","chromium","2026-02-24","passed","2026-02-24","pickup latter Order Summary One Hour","","",""
"","14430","[ESO-PICK-UP-0207] Verify the order summary display when dining in with a menu package order of 1 quantity.","chromium","2026-02-24","passed","2026-02-24","Pick Up Order Summary","","",""
"","38114","[ESO-PICKUPLTR234] Current time PICK-UP transactions, single orders, extras, set menus with single menu items crossed out, payment via Ovo","chromium","2026-02-25","passed","2026-02-25","Pickup Latter Transaction current time","","",""
"","15368","[ESO-PICKUPLTR166] Current time Transactions in PICK-UP mode with single menu orders paid using cashier","chromium","2026-02-24","passed","2026-02-24","Pickup Latter Transaction current time","","",""
"","30179","[ESO-PICKUPLTR351] One Hour Transactions for PICK-UP orders, singles, extras, and set menus with a 70% discount applied at the cashier","chromium","2026-02-24","passed","2026-02-24","Pickup Latter Transaction one hour","","",""
"","71410","[ESO-PICKUPLTR306] One Hour PickUp Transaction mode: PICK-UP order, single, extra, menu package with a promo amount of 25k, payment using BRI VA.","chromium","2026-02-24","passed","2026-02-24","Pickup Latter Transaction one hour","","",""
"","66242","[ESO-PICKUPLTR460] Verify the order summary pickup later Current time display when dining in with kredivo","chromium","2026-02-24","passed","2026-02-24","Pickup latter Order Summary Current Time","","",""
"","36087","[ESO-DINE-IN-0197] Dine-in transactions with Kredivo VA payments","chromium","2026-02-24","passed","2026-02-24","Dine in Transaction","","",""
"","13775","[ESO-PICKUPLTR449] Verify the order summary pickup later Current time display when dining in and paying with indepay","chromium","2026-02-24","passed","2026-02-24","Pickup latter Order Summary Current Time","","",""
"","64629","[ESO-PICKUPLTR366, 417] One Hour PICK-UP transactions, single orders, extras, set menus with special promotional prices, payment via BCA VA","chromium","2026-02-24","passed","2026-02-24","Pickup Latter Transaction one hour","","",""
"","29259","[ESO-DINE-IN-0108,0193] Transaction mode: dine-in order, single, extra, menu package with a promo amount of 25k, payment using BRI VA.","chromium","2026-02-24","passed","2026-02-24","Dine in Transaction","","",""
"","10014","[ESO-PICK-UP-0225] Verify the order summary display when dining in and paying with indepay","chromium","2026-02-24","passed","2026-02-24","Pick Up Order Summary","","",""
"","28212","[ESO-DINE-IN-0104] Transactions for dine-in orders, extras, menu packages with menu notes in the extra menu, payment using QR code.","chromium","2026-02-24","passed","2026-02-24","Dine in Transaction","","",""
"","19413","[ESO-DINE-IN-0038] User Verification Successful Apply ESO % all category promo by clicking promo card in the promo and voucher section page in dine-in mode","chromium","2026-02-24","passed","2026-02-24","Dine In Promo And Voucher","","",""
"","40782","[ESO-PICKUPLTR313] One Hour PickUp Transactions for PICK-UP orders, extras, and set menus with a promo amount of 25k by entering a valid promo code.","chromium","2026-02-24","passed","2026-02-24","Pickup Latter Transaction one hour","","",""
"","83565","[ESO-PICKUPLTR348, 312, 324, 336, 360] One Hour Transactions for PICK-UP orders, singles, extras, menu packages with promo applied Menu Category Details 70% payment using BRI VA","chromium","2026-02-24","passed","2026-02-24","Pickup Latter Transaction one hour","","",""
"","29217","[ESO-PICK-UP-0099,0189] Transactions in PICK-UP mode with single menu orders paid using linkaja","chromium","2026-02-24","passed","2026-02-24","Pickup Transaction","","",""
"","59736","[ESO-PICKUPLTR288] Current time PICK-UP transactions with Kredivo VA payments","chromium","2026-02-24","passed","2026-02-24","Pickup Latter Transaction current time","","",""
"","42588","[ESO-PICKUPLTR269] Current time PICK-UP transactions with menu orders related by core","chromium","2026-02-24","passed","2026-02-24","Pickup Latter Transaction current time","","",""
"","39328","[ESO-DINE-IN-0267] Verify the order summary display when dining in, including the order fee","chromium","2026-02-24","passed","2026-02-24","Dine In Order Summary","","",""
"","32425","[ESO-DINE-IN-0169] Dine-in transactions, single orders, extras, set menus with single menu items crossed out, payment via Ovo","chromium","2026-02-24","passed","2026-02-24","Dine in Transaction","","",""
"","21938","[ESO-DINE-IN-0048] User Verification Successful Apply ESO % menu category promo by entering promo code in the promo and voucher section page in dine-in mode","chromium","2026-02-24","passed","2026-02-24","Dine In Promo And Voucher","","",""
"","35251","[ESO-DINE-IN-0184] Dine-in transactions with menu orders related by core","chromium","2026-02-24","passed","2026-02-24","Dine in Transaction","","",""
"","69028","[ESO-PICKUPLTR317] One Hour Transactions for PICK-UP orders, singles, extras, and set menus with a 35% discount on all categories when paying using BCA VA.","chromium","2026-02-24","passed","2026-02-24","Pickup Latter Transaction one hour","","",""
"","21460","[ESO-DINE-IN-0078] Edit the menu quantity after applying vouchers and promotions","chromium","2026-02-24","passed","2026-02-24","Dine In Promo And Voucher","","",""
"","33925","[ESO-DINE-IN-0356] Reorder with the previous menu prices crossed out on the order summary page","chromium","2026-02-24","passed","2026-02-24","Dine In ReOrder Summary","","",""
"","27905","[ESO-PICKUPLTR374] One hour PICK-UP transactions with offline vouchers that do not meet the subtotal requirements","chromium","2026-02-24","passed","2026-02-24","Pickup Latter Transaction one hour","","",""
"","30308","[ESO-PICK-UP-0220] Verify the order summary display when dining in and paying with shopee","chromium","2026-02-24","passed","2026-02-24","Pick Up Order Summary","","",""
"","12570","[ESO-PICKUPLTR517] Verify the order summary pickup later one hour display when dining in and paying with gopay","chromium","2026-02-24","passed","2026-02-24","pickup latter Order Summary One Hour","","",""
"","20907","[ESO-DINE-IN-0041] User Verification Successful Apply ESO % all category promo by entering promo code in the promo and voucher section page in dine-in mode","chromium","2026-02-24","passed","2026-02-24","Dine In Promo And Voucher","","",""
"","91896","[ESO-PICKUPLTR329] One Hour Transaction mode: PICK-UP order, single menu, apply promo: 10% discount on Menu, payment using bca VA.","chromium","2026-02-24","failed","2026-02-24","Pickup Latter Transaction one hour","","",""
"","14863","[ESO-PICK-UP-0034] User Verification Successful Apply Rp ESO amount promo by entering promo code in the promo and voucher section page in PICK-UP mode","chromium","2026-02-24","passed","2026-02-24","Pick Up Promo And Voucher","","",""
"","32182","[ESO-PICKUPLTR248, 254] Current time PICK-UP transactions using expired online vouchers.","chromium","2026-02-25","passed","2026-02-25","Pickup Latter Transaction current time","","",""
"","62955","[ESO-PICKUPLTR459] Verify the order summary pickup later Current time display when dining in with maybank va","chromium","2026-02-24","passed","2026-02-24","Pickup latter Order Summary Current Time","","",""
"","95926","[ESO-PICKUPLTR471] Verify the order summary pickup later Current time display when dining in and applying the eso promo %","chromium","2026-02-24","passed","2026-02-24","Pickup latter Order Summary Current Time","","",""
"","44767","[ESO-DINE-IN-0166] Dine-in transactions, single orders, extras, set menus with special promotional prices, payment via Ovo","chromium","2026-02-24","passed","2026-02-24","Dine in Transaction","","",""
"","17144","[ESO-PICKUPLTR429] Verify the order summary pickup later Current time display when dining in with an extra menu order of 1 quantity","chromium","2026-02-24","passed","2026-02-24","Pickup latter Order Summary Current Time","","",""
"","60400","[ESO-PICKUPLTR169] Current time Transactions for PICK-UP orders, extras, menu packages with menu notes in the extra menu, payment using QR code.","chromium","2026-02-24","passed","2026-02-24","Pickup Latter Transaction current time","","",""
"","76590","[ESO-PICK-UP-0104] Transactions for PICK-UP orders, extras, menu packages with menu notes in the extra menu, payment using QR code.","chromium","2026-02-24","passed","2026-02-24","Pickup Transaction","","",""
"","17259","[ESO-PICKUPLTR511] Verify the order summary pickup later one hour display when dining in with a package menu order using the menu notes","chromium","2026-02-24","passed","2026-02-24","pickup latter Order Summary One Hour","","",""
"","32440","[ESO-PICK-UP-0250] Verify the order summary display during PICK-UP transactions by applying the eso special price promotion","chromium","2026-02-24","passed","2026-02-24","Pick Up Order Summary","","",""
"","24987","[ESO-PICKUPLTR515] Verify the order summary pickup later one hour display when dining in and paying with dana","chromium","2026-02-24","passed","2026-02-24","pickup latter Order Summary One Hour","","",""
"","14363","[ESO-PICKUPLTR497] Verify the order summary pickup later one hour display when dining in with a single menu order of 1 quantity","chromium","2026-02-24","passed","2026-02-24","pickup latter Order Summary One Hour","","",""
"","34886","[ESO-DINE-IN-0363] Reorder with the reordered menu sold out on the order history page","chromium","2026-02-24","passed","2026-02-24","Dine In ReOrder Summary","","",""
"","16482","[ESO-DINE-IN-0204] Verify the order summary display when dining in with a single menu order of 5 quantity","chromium","2026-02-24","passed","2026-02-24","Dine In Order Summary","","",""
"","56350","[ESO-PICK-UP-0170] PICK-UP transactions, single orders, extras, set menus with single menu items crossed out, payment via BNI VA","chromium","2026-02-24","passed","2026-02-24","Pickup Transaction","","",""
"","69822","[ESO-PICKUPLTR233] Current time PICK-UP transactions, single orders, extras, set menus with special promotional prices, payment via BCA VA","chromium","2026-02-25","passed","2026-02-25","Pickup Latter Transaction current time","","",""
"","29320","[ESO-PICK-UP-0176,0179] PICK-UP transactions, with online voucher application type amount that does not meet the subtotal requirements","chromium","2026-02-25","passed","2026-02-25","Pickup Transaction","","",""
"","71570","[ESO-PICKUPLTR303] One Hour PickUp Transactions for PICK-UP orders, singles, extras, set menus with menu notes in the set menu payment menu using QR codes.","chromium","2026-02-24","passed","2026-02-24","Pickup Latter Transaction one hour","","",""
"","34353","[ESO-PICK-UP-0167] PICK-UP transactions, single orders, extras, set menus with special promotional prices, payment via dana","chromium","2026-02-24","passed","2026-02-24","Pickup Transaction","","",""
"","23577","[ESO-PICK-UPLT-0062] Apply Promo % menu eso dengan memasukan promo code di halaman section promo and vocher dimode pickup","chromium","2026-02-24","passed","2026-02-24","Pick Up latter Promo And Voucher","","",""
"","34678","[ESO-PICK-UP-0185,0187] PICK-UP transactions with menu orders related by eso","chromium","2026-02-24","passed","2026-02-24","Pickup Transaction","","",""
"","54221","[ESO-DINE-IN-0232] Verify the order summary display when dining in with permata va","chromium","2026-02-24","passed","2026-02-24","Dine In Order Summary","","",""
"","22663","[ESO-DINE-IN-0170] Dine-in transactions, single orders, extras, set menus with single menu items crossed out, payment via BNI VA","chromium","2026-02-24","passed","2026-02-24","Dine in Transaction","","",""
"","25142","[ESO-PICK-UP-0062] Apply Promo % menu eso dengan memasukan promo code di halaman section promo and vocher dimode pickup","chromium","2026-02-24","passed","2026-02-24","Pick Up Promo And Voucher","","",""
"","30776","[ESO-DINE-IN-0222] Verify the order summary display when dining in and paying with linkaja","chromium","2026-02-24","passed","2026-02-24","Dine In Order Summary","","",""
"","73249","[ESO-PICKUPLTR301] One Hour PickUp Transactions in PICK-UP mode with single, package and extra menu with notes orders paid using qris","chromium","2026-02-25","passed","2026-02-25","Pickup Latter Transaction one hour","","",""
"","30058","[ESO-PICK-UPLT-0066] Apply Promo special price eso dengan klik card promo di halaman section promo and vocher dimode pickup","chromium","2026-02-24","passed","2026-02-24","Pick Up latter Promo And Voucher","","",""
"","20375","[ESO-PICK-UP-0150,0114,0162] Transactions in PICK-UP mode: single orders, extras, set menus with a 70% discount applied to the menu category detail, then validated by subtracting the menu items","chromium","2026-02-24","passed","2026-02-24","Pickup Transaction","","",""
"","72509","[ESO-PICKUPLTR236, 285] Current time PICK-UP transactions, single orders, extras, set menus with single menu items crossed out, payment via Mandiri VA","chromium","2026-02-25","passed","2026-02-25","Pickup Latter Transaction current time","","",""
"","51731","[ESO-PICKUPLTR381, 387] One hour PICK-UP transactions using expired online vouchers.","chromium","2026-02-25","passed","2026-02-25","Pickup Latter Transaction one hour","","",""
"","12495","[ESO-PICKUPLTR461] Verify the order summary pickup later Current time display when dining in with payment in cashier","chromium","2026-02-24","passed","2026-02-24","Pickup latter Order Summary Current Time","","",""
"","46133","[ESO-DINE-IN-0365] Reorder with the previous menu prices crossed out on the order history page","chromium","2026-02-24","passed","2026-02-24","Dine In ReOrder Summary","","",""
"","51284","[ESO-DINE-IN-0130,0154] Transaction mode: dine-in order, single menu, apply promo: 10% discount on Menu Category, payment using Ovo.","chromium","2026-02-24","passed","2026-02-24","Dine in Transaction","","",""
"","15433","[ESO-DINE-IN-0209] Verify the order summary display when dining in with a single menu order and an extra quantity of 1","chromium","2026-02-24","passed","2026-02-24","Dine In Order Summary","","",""
"","31064","[ESO-PICKUPLTR434] Verify the order summary pickup later Current time display when dining in with a single menu order and an extra quantity of 13","chromium","2026-02-24","passed","2026-02-24","Pickup latter Order Summary Current Time","","",""
"","35116","[ESO-PICKUPLTR364] One Hour PICK-UP transactions, single orders, extras, set menus with special promotional prices, payment via Ovo","chromium","2026-02-24","passed","2026-02-24","Pickup Latter Transaction one hour","","",""
"","38535","[ESO-PICK-UP-0169] PICK-UP transactions, single orders, extras, set menus with single menu items crossed out, payment via Ovo","chromium","2026-02-24","passed","2026-02-24","Pickup Transaction","","",""
"","46300","[ESO-PICKUPLTR300, 412] One Hour PickUp Transactions in PICK-UP mode with single, package and extra menu orders paid using shopee","chromium","2026-02-24","passed","2026-02-24","Pickup Latter Transaction one hour","","",""
"","50456","[ESO-PICK-UP-0106] Transaction mode: PICK-UP order, single menu, apply promo amount of 25k, payment using Ovo.","chromium","2026-02-24","passed","2026-02-24","Pickup Transaction","","",""
"","55303","[ESO-PICKUPLTR421] One Hour PICK-UP transactions with Kredivo VA payments","chromium","2026-02-24","passed","2026-02-24","Pickup Latter Transaction one hour","","",""
"","20977","[ESO-PICK-UPLT-0041] User Verification Successful Apply ESO % all category promo by entering promo code in the promo and voucher section page in PICK-UP mode","chromium","2026-02-24","passed","2026-02-24","Pick Up latter Promo And Voucher","","",""
"","50492","[ESO-PICKUPLTR286] Current time PICK-UP transactions with Maybank VA payments","chromium","2026-02-24","passed","2026-02-24","Pickup Latter Transaction current time","","",""
"","28286","[ESO-DINE-IN-0105] Transactions for dine-in orders, singles, extras, set menus with menu notes in the set menu payment menu using QR codes.","chromium","2026-02-24","passed","2026-02-24","Dine in Transaction","","",""
"","60532","[ESO-PICKUPLTR453] Verify the order summary pickup later Current time display when dining in with bri va","chromium","2026-02-24","passed","2026-02-24","Pickup latter Order Summary Current Time","","",""
"","42859","[ESO-DINE-IN-0119] Transactions for dine-in orders, singles, extras, and set menus with a 35% discount on all categories when paying using BCA VA.","chromium","2026-02-24","passed","2026-02-24","Dine in Transaction","","",""
"","67759","[ESO-PICK-UP-0234] Verify the order summary display when dining in with kredivo","chromium","2026-02-24","passed","2026-02-24","Pick Up Order Summary","","",""
"","23218","[ESO-PICK-UP-0038] User Verification Successful Apply ESO % all category promo by clicking promo card in the promo and voucher section page in PICK-UP mode","chromium","2026-02-24","passed","2026-02-24","Pick Up Promo And Voucher","","",""
"","90339","[ESO-PICKUPLTR493] Verify the order summary pickup later Current time display when dining in, including the order fee","chromium","2026-02-24","passed","2026-02-24","Pickup latter Order Summary Current Time","","",""
"","55277","[ESO-PICKUPLTR529] Verify the order summary pickup later one hour display when dining in with kredivo","chromium","2026-02-24","passed","2026-02-24","pickup latter Order Summary One Hour","","",""
"","18477","[ESO-PICKUPLTR437] Verify the order summary pickup later Current time display when the transaction is completed with a single extra package order of 3 qty each","chromium","2026-02-24","passed","2026-02-24","Pickup latter Order Summary Current Time","","",""
"","36584","[ESO-PICK-UP-0186] PICK-UP transactions with menu orders related by core and eso","chromium","2026-02-24","passed","2026-02-24","Pickup Transaction","","",""
"","64186","[ESO-PICKUPLTR523] Verify the order summary pickup later one hour display when dining in with mandiri va","chromium","2026-02-24","passed","2026-02-24","pickup latter Order Summary One Hour","","",""
"","43064","[ESO-DINE-IN-0266] Verify the order summary display when dining in with bundled menu orders and eso promo amounts","chromium","2026-02-24","passed","2026-02-24","Dine In Order Summary","","",""
"","57136","[ESO-DINE-IN-0228] Verify the order summary display when dining in with bni va","chromium","2026-02-24","passed","2026-02-24","Dine In Order Summary","","",""
"","63505","[ESO-PICKUPLTR519] Verify the order summary pickup later one hour display when dining in with QR code payment","chromium","2026-02-24","passed","2026-02-24","pickup latter Order Summary One Hour","","",""
"","86951","[ESO-PICKUPLTR494] Verify the order summary pickup later Current time display when the transaction is PICK-UP price inclusive","chromium","2026-02-24","passed","2026-02-24","Pickup latter Order Summary Current Time","","",""
"","15358","[ESO-PICKUPLTR501] Verify the order summary pickup later one hour display when dining in with a menu package order of 1 quantity.","chromium","2026-02-24","passed","2026-02-24","pickup latter Order Summary One Hour","","",""
"","34336","[ESO-DINE-IN-0250] Verify the order summary display during dine-in transactions by applying the eso special price promotion","chromium","2026-02-24","passed","2026-02-24","Dine In Order Summary","","",""
"","87710","[ESO-PICKUPLTR161, 278] Current time Transactions in PICK-UP mode with single menu orders paid using Ovo","chromium","2026-02-24","passed","2026-02-24","Pickup Latter Transaction current time","","",""
"","38085","[ESO-PICK-UP-0081] Edit menu change menu with package menu after applying voucher and promo","chromium","2026-02-24","passed","2026-02-24","Pick Up Promo And Voucher","","",""
"","23952","[ESO-PICKUPLTR314, 326, 338, 350, 362] One hour PICK-UP transactions, with online voucher application type amount not registered at the branch","chromium","2026-02-24","passed","2026-02-24","Pickup Latter Transaction one hour","","",""
"","22543","[ESO-PICK-UP-0206] Verify the order summary display when dining in with an extra menu order of 7 quantity","chromium","2026-02-24","passed","2026-02-24","Pick Up Order Summary","","",""
"","26894","[ESO-PICK-UP-0078] Edit the menu quantity after applying vouchers and promotions","chromium","2026-02-25","passed","2026-02-25","Pick Up Promo And Voucher","","",""
"","21416","[ESO-PICK-UP-0216] Verify the order summary display when dining in with a extra menu order using the menu notes","chromium","2026-02-24","passed","2026-02-24","Pick Up Order Summary","","",""
"","30813","[ESO-DINE-IN-0268] Verify the order summary display when the transaction is dine-in price inclusive","chromium","2026-02-24","passed","2026-02-24","Dine In Order Summary","","",""
"","14609","[ESO-PICKUPLTR431] Verify the order summary pickup later Current time display when dining in with a menu package order of 1 quantity.","chromium","2026-02-24","passed","2026-02-24","Pickup latter Order Summary Current Time","","",""
"","10286","[ESO-DINE-IN-0206] Verify the order summary display when dining in with an extra menu order of 7 quantity","chromium","2026-02-24","failed","2026-02-24","Dine In Order Summary","","",""
"","63884","[ESO-PICKUPLTR196] Current time Transactions for PICK-UP orders, extras, menu packages with a 10% discount promo for Menu Category 10% payment using BCA VA.","chromium","2026-02-24","passed","2026-02-24","Pickup Latter Transaction current time","","",""
"","78163","[ESO-PICKUPLTR305] One Hour PickUp Transaction mode: PICK-UP order, single, extra, menu package with a promo amount of 25k, payment using BCA VA.","chromium","2026-02-24","passed","2026-02-24","Pickup Latter Transaction one hour","","",""
"","18597","[ESO-PICK-UP-0111,0123,0135,0112,0147.0148,0159,0160] Transaction mode: PICK-UP order, single, extra, set menu with a promo amount of 25k. Payment can only be made using Ovo.
However, I tried to pay using Dana.","chromium","2026-02-24","passed","2026-02-24","Pickup Transaction","","",""
"","20839","[ESO-PICKUPLTR373] One hour PICK-UP transactions, with offline vouchers that are not registered at the branch","chromium","2026-02-24","passed","2026-02-24","Pickup Latter Transaction one hour","","",""
"","55502","[ESO-PICKUPLTR528] Verify the order summary pickup later one hour display when dining in with maybank va","chromium","2026-02-24","passed","2026-02-24","pickup latter Order Summary One Hour","","",""
"","52405","[ESO-PICKUPLTR522] Verify the order summary pickup later one hour display when dining in with bri va","chromium","2026-02-24","passed","2026-02-24","pickup latter Order Summary One Hour","","",""
"","18829","[ESO-PICKUPLTR134] Apply Promo limit % with extra menu","chromium","2026-02-24","passed","2026-02-24","Pick Up latter Promo And Voucher","","",""
"","13932","[ESO-PICK-UP-0098,0198] Transactions in PICK-UP mode with single menu orders paid using cashier","chromium","2026-02-24","passed","2026-02-24","Pickup Transaction","","",""
"","12408","[ESO-PICKUPLTR498] Verify the order summary pickup later one hour display when dining in with a single menu order of 5 quantity","chromium","2026-02-24","passed","2026-02-24","pickup latter Order Summary One Hour","","",""
"","47918","[ESO-DINE-IN-0244] Verify the order summary display when dining in and applying the eso promo amount","chromium","2026-02-24","passed","2026-02-24","Dine In Order Summary","","",""
"","28848","[ESO-PICK-UPLT-0069] Apply Promo special price eso dengan memasukan promo code di halaman section promo and vocher dimode pickup","chromium","2026-02-24","passed","2026-02-24","Pick Up latter Promo And Voucher","","",""
"","20519","[ESO-PICKUPLTR163] Current time Transactions in PICK-UP mode with single menu orders paid using cashier","chromium","2026-02-24","passed","2026-02-24","Pickup Latter Transaction current time","","",""
"","24804","[ESO-DINE-IN-0102,0188] Transactions in dine-in mode with single menu orders paid using shopee","chromium","2026-02-24","passed","2026-02-24","Dine in Transaction","","",""
"","36452","[ESO-PICKUPLTR445] Verify the order summary pickup later Current time display when dining in and paying with dana","chromium","2026-02-24","passed","2026-02-24","Pickup latter Order Summary Current Time","","",""
"","19602","[ESO-PICKUPLTR505] Verify the order summary pickup later one hour display when dining in with a single menu order and an package quantity of 5","chromium","2026-02-24","passed","2026-02-24","pickup latter Order Summary One Hour","","",""
"","25919","[ESO-PICKUPLTR442] Verify the order summary pickup later Current time display when dining in with single, extra, or package orders using the menu notes","chromium","2026-02-24","passed","2026-02-24","Pickup latter Order Summary Current Time","","",""
"","67694","[ESO-PICK-UP-0131,0155] Transactions for PICK-UP orders, extras, menu packages with a 10% discount promo for Menu Category 10% payment using BCA VA.","chromium","2026-02-24","passed","2026-02-24","Pickup Transaction","","",""
"","22511","[ESO-DINE-IN-0172] Dine-in transactions, with offline vouchers that are not registered at the branch","chromium","2026-02-24","passed","2026-02-24","Dine in Transaction","","",""
"","56305","[ESO-PICKUPLTR328, 337] One Hour Transaction mode: PICK-UP order, single menu, apply promo: 10% discount on Menu Category, payment using Ovo.","chromium","2026-02-24","passed","2026-02-24","Pickup Latter Transaction one hour","","",""
"","67075","[ESO-PICKUPLTR369, 418] One Hour PICK-UP transactions, single orders, extras, set menus with single menu items crossed out, payment via Mandiri VA","chromium","2026-02-24","failed","2026-02-24","Pickup Latter Transaction one hour","","",""
"","19882","[ESO-DINE-IN-0150,0114,0162] Transactions in dine-in mode: single orders, extras, set menus with a 70% discount applied to the menu category detail, then validated by subtracting the menu items","chromium","2026-02-24","passed","2026-02-24","Dine in Transaction","","",""
"","37266","[ESO-PICKUPLTR559] Verify the order summary pickup later one hour display when dining in with bundled menu orders and eso promo amounts","chromium","2026-02-24","passed","2026-02-24","pickup latter Order Summary One Hour","","",""
"","56694","[ESO-PICK-UP-0196] PICK-UP transactions with Cimb VA payments","chromium","2026-02-24","passed","2026-02-24","Pickup Transaction","","",""
"","59827","[ESO-PICKUPLTR419] One Hour PICK-UP transactions with Maybank VA payments","chromium","2026-02-24","passed","2026-02-24","Pickup Latter Transaction one hour","","",""
"","12070","[ESO-DINE-IN-0205] Verify the order summary display when dining in with an extra menu order of 1 quantity","chromium","2026-02-24","failed","2026-02-24","Dine In Order Summary","","",""
"","61644","[ESO-PICKUPLTR456] Verify the order summary pickup later Current time display when dining in with cimb va","chromium","2026-02-24","passed","2026-02-24","Pickup latter Order Summary Current Time","","",""
"","39673","[ESO-PICKUPLTR436] Verify the order summary pickup later Current time display when dining in with a single menu order and an package quantity of 15","chromium","2026-02-24","passed","2026-02-24","Pickup latter Order Summary Current Time","","",""
"","17082","[ESO-DINE-IN-0208] Verify the order summary display when dining in with a menu package order of 14 quantity.","chromium","2026-02-24","passed","2026-02-24","Dine In Order Summary","","",""
"","28009","[ESO-DINE-IN-0107,0192] Transaction mode: dine-in order, single, extra, menu package with a promo amount of 25k, payment using BCA VA.","chromium","2026-02-24","passed","2026-02-24","Dine in Transaction","","",""
"","25613","[ESO-PICK-UP-0218] Verify the order summary display when dining in with single, extra, or package orders using the menu notes","chromium","2026-02-24","passed","2026-02-24","Pick Up Order Summary","","",""
"","13701","[ESO-PICK-UP-0204] Verify the order summary display when dining in with a single menu order of 5 quantity","chromium","2026-02-24","passed","2026-02-24","Pick Up Order Summary","","",""
"","17949","[ESO-PICK-UP-0213] Verify the order summary display when the transaction is completed with a single extra package order of 3 qty each","chromium","2026-02-24","passed","2026-02-24","Pick Up Order Summary","","",""
"","50247","[ESO-DINE-IN-0278] Reorder with a package menu item on the history summary page","chromium","2026-02-24","passed","2026-02-24","Dine In ReOrder Summary","","",""
"","9985","[ESO-DINE-IN-0109,0121,0133,0145,0157,0182] Transactions for dine-in orders, extras, and set menus with a promo amount of 25k, payment conditions not yet meeting the promo subtotal.","chromium","2026-02-24","passed","2026-02-24","Dine in Transaction","","",""
"","82795","[ESO-PICK-UP-0143] Transactions for PICK-UP orders, singles, extras, menu packages with promo applied Menu Category Details 70% payment using BCA VA","chromium","2026-02-24","passed","2026-02-24","Pickup Transaction","","",""
"","87358","[ESO-PICKUPLTR318] One Hour Transactions for PICK-UP orders, extras, and set menus with a 35% discount on all categories by entering a valid promo code.","chromium","2026-02-24","passed","2026-02-24","Pickup Latter Transaction one hour","","",""
"","38209","[ESO-DINE-IN-0234] Verify the order summary display when dining in with kredivo","chromium","2026-02-24","passed","2026-02-24","Dine In Order Summary","","",""
"","15758","[ESO-DINE-IN-0235] Verify the order summary display when dining in with payment in cashier","chromium","2026-02-24","passed","2026-02-24","Dine In Order Summary","","",""
"","23124","[ESO-PICKUPLTR129] Edit the menu quantity after applying vouchers and promotions","chromium","2026-02-24","passed","2026-02-24","Pick Up latter Promo And Voucher","","",""
"","28099","[ESO-DINE-IN-0176,0179] Dine-in transactions, with online voucher application type amount that does not meet the subtotal requirements","chromium","2026-02-25","passed","2026-02-25","Dine in Transaction","","",""
"","62710","[ESO-PICKUPLTR304] One Hour PickUp Transaction mode: PICK-UP order, single menu, apply promo amount of 25k, payment using Ovo.","chromium","2026-02-24","passed","2026-02-24","Pickup Latter Transaction one hour","","",""
"","34681","[ESO-DINE-IN-0120] Transactions for dine-in orders, singles, extras, and set menus with a 35% discount on all categories when paying using BCA VA.","chromium","2026-02-24","passed","2026-02-24","Dine in Transaction","","",""
"","12593","[ESO-PICK-UP-0235] Verify the order summary display when dining in with payment in cashier","chromium","2026-02-24","passed","2026-02-24","Pick Up Order Summary","","",""
"","35300","[ESO-PICKUPLTR513] Verify the order summary pickup later one hour display when dining in and paying with OVO.","chromium","2026-02-24","passed","2026-02-24","pickup latter Order Summary One Hour","","",""
"","77631","[ESO-PICKUPLTR172, 283] Current time Transaction mode: PICK-UP order, single, extra, menu package with a promo amount of 25k, payment using BCA VA.","chromium","2026-02-24","passed","2026-02-24","Pickup Latter Transaction current time","","",""
"","38880","[ESO-DINE-IN-0366] Reorder with a menu that has 1 item left in stock, but reorder with a quantity of 3 on the order history page","chromium","2026-02-24","passed","2026-02-24","Dine In ReOrder Summary","","",""
"","53130","[ESO-PICKUPLTR368] One Hour PICK-UP transactions, single orders, extras, set menus with single menu items crossed out, payment via BNI VA","chromium","2026-02-24","passed","2026-02-24","Pickup Latter Transaction one hour","","",""
"","24545","[ESO-PICK-UP-0172] PICK-UP transactions, with offline vouchers that are not registered at the branch","chromium","2026-02-24","passed","2026-02-24","Pickup Transaction","","",""
"","47891","[ESO-PICK-UP-0266] Verify the order summary display when dining in with bundled menu orders and eso promo amounts","chromium","2026-02-24","passed","2026-02-24","Pick Up Order Summary","","",""
"","98928","[ESO-PICKUPLTR171] Current time Transaction mode: PICK-UP order, single menu, apply promo amount of 25k, payment using Ovo.","chromium","2026-02-24","passed","2026-02-24","Pickup Latter Transaction current time","","",""
"","26550","[ESO-PICK-UP-0045] User Verification Successful Apply ESO % menu category promo by clicking promo card in the promo and voucher section page in PICK-UP mode","chromium","2026-02-24","passed","2026-02-24","Pick Up Promo And Voucher","","",""
"","63532","[ESO-PICKUPLTR184] Current time Transactions for PICK-UP orders, singles, extras, and set menus with a 35% discount on all categories when paying using BCA VA.","chromium","2026-02-24","passed","2026-02-24","Pickup Latter Transaction current time","","",""
"","14180","[ESO-DINE-IN-0077] Free Item Menu Package Package (head and filling have a price), head has a price and filling Rp. 0","chromium","2026-02-24","passed","2026-02-24","Dine In Promo And Voucher","","",""
"","26526","[ESO-PICKUPLTR297, 411] One Hour PickUp Transactions in PICK-UP mode with single menu orders paid using linkaja","chromium","2026-02-24","passed","2026-02-24","Pickup Latter Transaction one hour","","",""
"","33020","[ESO-DINE-IN-0103,0191] Transactions in dine-in mode with single menu with notes orders paid using qris","chromium","2026-02-24","passed","2026-02-24","Dine in Transaction","","",""
"","15075","[ESO-DINE-IN-0211] Verify the order summary display when dining in with a single menu order and an package quantity of 5","chromium","2026-02-24","passed","2026-02-24","Dine In Order Summary","","",""
"","54328","[ESO-PICK-UP-0230] Verify the order summary display when dining in with mandiri va","chromium","2026-02-24","passed","2026-02-24","Pick Up Order Summary","","",""
"","24522","[ESO-PICK-UP-0059] User Verification Successful Apply ESO % menu category detail promo by clicking promo card in the promo and voucher section page in PICK-UP mode","chromium","2026-02-24","passed","2026-02-24","Pick Up Promo And Voucher","","",""
"","24970","[ESO-DINE-IN-0062] Apply Promo % menu eso dengan memasukan promo code di halaman section promo and vocher dimode dinein","chromium","2026-02-24","passed","2026-02-24","Dine In Promo And Voucher","","",""
"","16050","[ESO-DINE-IN-0215] Verify the order summary display when dining in with a single menu order using the menu notes","chromium","2026-02-24","passed","2026-02-24","Dine In Order Summary","","",""
"","21561","[ESO-DINE-IN-0183,0151,0164] Dine-in transaction, with expired ESB voucher applied","chromium","2026-02-24","passed","2026-02-24","Dine in Transaction","","",""
"","33523","[ESO-DINE-IN-0131,0155] Transactions for dine-in orders, extras, menu packages with a 10% discount promo for Menu Category 10% payment using BCA VA.","chromium","2026-02-24","passed","2026-02-24","Dine in Transaction","","",""
"","42447","[ESO-PICK-UP-0269] Verify the order summary display when the transaction is PICK-UP price non inclusive","chromium","2026-02-24","passed","2026-02-24","Pick Up Order Summary","","",""
"","15835","[ESO-PICKUPLTR298] One Hour PickUp Transactions in PICK-UP mode with single menu orders paid using gopay","chromium","2026-02-24","passed","2026-02-24","Pickup Latter Transaction one hour","","",""
"","18909","[ESO-PICKUPLTR448] Verify the order summary pickup later Current time display when dining in and paying with card/ debit online","chromium","2026-02-24","passed","2026-02-24","Pickup latter Order Summary Current Time","","",""
"","38208","[ESO-PICK-UP-0153] Transactions for PICK-UP orders, singles, extras, and set menus with a 70% discount applied at the cashier","chromium","2026-02-24","passed","2026-02-24","Pickup Transaction","","",""
"","51647","[ESO-PICK-UP-0195] PICK-UP transactions with Maybank VA payments","chromium","2026-02-24","passed","2026-02-24","Pickup Transaction","","",""
"","21487","[ESO-PICK-UP-0077] Free Item Menu Package Package (head and filling have a price), head has a price and filling Rp. 0","chromium","2026-02-24","passed","2026-02-24","Pick Up Promo And Voucher","","",""
"","34079","[ESO-DINE-IN-0274] Reorder with the condition that there are menu notes on the order summary page","chromium","2026-02-24","passed","2026-02-24","Dine In ReOrder Summary","","",""
"","50532","[ESO-PICKUPLTR438] Verify the order summary pickup later Current time display when the transaction is completed with a single extra package order of 19 qty each","chromium","2026-02-24","passed","2026-02-24","Pickup latter Order Summary Current Time","","",""
"","85834","[ESO-PICKUPLTR495] Verify the order summary pickup later Current time display when the transaction is PICK-UP price non inclusive","chromium","2026-02-24","passed","2026-02-24","Pickup latter Order Summary Current Time","","",""
"","30774","[ESO-PICK-UP-0080] Edit menu change menu with extra menu after applying voucher and promo","chromium","2026-02-24","passed","2026-02-24","Pick Up Promo And Voucher","","",""
"","24124","[ESO-DINE-IN-0059] User Verification Successful Apply ESO % menu category detail promo by clicking promo card in the promo and voucher section page in dine-in mode","chromium","2026-02-24","passed","2026-02-24","Dine In Promo And Voucher","","",""
"","31671","[ESO-DINE-IN-0355] Reorder with the reordered menu is no longer on the order summary page.","chromium","2026-02-24","passed","2026-02-24","Dine In ReOrder Summary","","",""
"","26971","[ESO-PICKUPLTR321, 333, 310, 322, 334, 345, 346, 357, 358] One Hour Transaction mode: PICK-UP order, single, extra, set menu with a promo amount of 25k. Payment can only be made using Ovo.
However, I tried to pay using Dana.","chromium","2026-02-24","passed","2026-02-24","Pickup Latter Transaction one hour","","",""
"","29578","[ESO-PICKUPLTR131] Edit menu change menu with extra menu after applying voucher and promo","chromium","2026-02-24","passed","2026-02-24","Pick Up latter Promo And Voucher","","",""
"","51729","[ESO-PICKUPLTR527] Verify the order summary pickup later one hour display when dining in with permata va","chromium","2026-02-24","passed","2026-02-24","pickup latter Order Summary One Hour","","",""
"","11924","[ESO-PICKUPLTR174, 186, 198, 210, 222] Current time Transactions for PICK-UP orders, extras, and set menus with a promo amount of 25k, payment conditions not yet meeting the promo subtotal.","chromium","2026-02-24","passed","2026-02-24","Pickup Latter Transaction current time","","",""
"","33430","[ESO-DINE-IN-0096] Transactions in dine-in mode with single menu orders paid using Ovo","chromium","2026-02-24","passed","2026-02-24","Dine in Transaction","","",""
"","18495","[ESO-PICK-UP-0208] Verify the order summary display when dining in with a menu package order of 14 quantity.","chromium","2026-02-24","passed","2026-02-24","Pick Up Order Summary","","",""
"","23554","[ESO-PICKUPLTR241] Current time PICK-UP transactions with offline vouchers that do not meet the subtotal requirements","chromium","2026-02-24","passed","2026-02-24","Pickup Latter Transaction current time","","",""
"","22208","[ESO-PICK-UP-0181,0152] PICK-UP transactions, with unregistered ESB vouchers applied at the branch","chromium","2026-02-24","passed","2026-02-24","Pickup Transaction","","",""
"","93684","[ESO-PICKUPLTR540] Verify the order summary pickup later one hour display when dining in and applying the eso promo %","chromium","2026-02-24","passed","2026-02-24","pickup latter Order Summary One Hour","","",""
"","16809","[ESO-PICK-UP-0083] Apply Promo limit % with extra menu","chromium","2026-02-24","passed","2026-02-24","Pick Up Promo And Voucher","","",""
"","31353","[ESO-PICKUPLTR132] Edit menu change menu with package menu after applying voucher and promo","chromium","2026-02-24","passed","2026-02-24","Pick Up latter Promo And Voucher","","",""
"","7996","[ESO-PICK-UP-0223] Verify the order summary display when dining in and paying with gopay","chromium","2026-02-24","passed","2026-02-24","Pick Up Order Summary","","",""
"","20061","[ESO-PICKUPLTR348] One Hour Transactions in PICK-UP mode: single orders, extras, set menus with a 70% discount applied to the menu category detail, then validated by subtracting the menu items","chromium","2026-02-24","passed","2026-02-24","Pickup Latter Transaction one hour","","",""
"","53160","[ESO-PICK-UP-0229] Verify the order summary display when dining in with bri va","chromium","2026-02-24","passed","2026-02-24","Pick Up Order Summary","","",""
"","22972","[ESO-DINE-IN-0079] Edit menu change menu with single menu after applying voucher and promo","chromium","2026-02-24","passed","2026-02-24","Dine In Promo And Voucher","","",""
"","31920","[ESO-PICKUPLTR514] Verify the order summary pickup later one hour display when dining in and paying with shopee","chromium","2026-02-24","passed","2026-02-24","pickup latter Order Summary One Hour","","",""
"","31597","[ESO-PICK-UP-0219] Verify the order summary display when dining in and paying with OVO.","chromium","2026-02-24","passed","2026-02-24","Pick Up Order Summary","","",""
"","37716","[ESO-PICKUPLTR365, 414] One Hour PICK-UP transactions, single orders, extras, set menus with special promotional prices, payment via dana","chromium","2026-02-24","passed","2026-02-24","Pickup Latter Transaction one hour","","",""
"","32488","[ESO-DINE-IN-0220] Verify the order summary display when dining in and paying with shopee","chromium","2026-02-24","passed","2026-02-24","Dine In Order Summary","","",""
"","32014","[ESO-PICKUPLTR476] Verify the order summary pickup later Current time display during PICK-UP transactions by applying the eso special price promotion","chromium","2026-02-24","passed","2026-02-24","Pickup latter Order Summary Current Time","","",""
"","28587","[ESO-PICKUPLTR380, 386] One hour PICK-UP transactions, with online voucher application type amount that does not meet the subtotal requirements","chromium","2026-02-25","passed","2026-02-25","Pickup Latter Transaction one hour","","",""
"","24880","[ESO-PICKUPLTR379, 385] One hour PICK-UP transactions, with online voucher application type amount not registered at the branch","chromium","2026-02-24","passed","2026-02-24","Pickup Latter Transaction one hour","","",""
"","69719","[ESO-PICK-UP-0144] Transactions for PICK-UP orders, singles, extras, menu packages with promo applied Menu Category Details 70% payment using BRI VA","chromium","2026-02-24","passed","2026-02-24","Pickup Transaction","","",""
"","55070","[ESO-PICK-UP-0231] Verify the order summary display when dining in with cimb va","chromium","2026-02-24","passed","2026-02-24","Pick Up Order Summary","","",""
"","26517","[ESO-DINE-IN-0216] Verify the order summary display when dining in with a extra menu order using the menu notes","chromium","2026-02-24","passed","2026-02-24","Dine In Order Summary","","",""
"","17940","[ESO-PICKUPLTR500] Verify the order summary pickup later one hour display when dining in with an extra menu order of 7 quantity","chromium","2026-02-24","passed","2026-02-24","pickup latter Order Summary One Hour","","",""
"","27859","[ESO-PICK-UPLT-0045] User Verification Successful Apply ESO % menu category promo by clicking promo card in the promo and voucher section page in PICK-UP mode","chromium","2026-02-24","passed","2026-02-24","Pick Up latter Promo And Voucher","","",""
"","15004","[ESO-PICK-UP-0217] Verify the order summary display when dining in with a package menu order using the menu notes","chromium","2026-02-24","passed","2026-02-24","Pick Up Order Summary","","",""
"","16553","[ESO-PICK-UP-0211] Verify the order summary display when dining in with a single menu order and an package quantity of 5","chromium","2026-02-24","passed","2026-02-24","Pick Up Order Summary","","",""
"","11388","[ESO-PICK-UP-0161,0113,0149] Transactions for PICK-UP orders, singles, extras, and set menus with a 50% discount promotion apply. The promotion is not valid on Mondays through Fridays","chromium","2026-02-24","passed","2026-02-24","Pickup Transaction","","",""
"","13099","[ESO-DINE-IN-0034] User Verification Successful Apply Rp ESO amount promo by entering promo code in the promo and voucher section page in dine-in mode","chromium","2026-02-24","passed","2026-02-24","Dine In Promo And Voucher","","",""
"","99429","[ESO-PICKUPLTR180] Current time Transactions for PICK-UP orders, extras, and set menus with a promo amount of 25k by entering a valid promo code.","chromium","2026-02-24","passed","2026-02-24","Pickup Latter Transaction current time","","",""
"","56224","[ESO-PICKUPLTR521] Verify the order summary pickup later one hour display when dining in with bni va","chromium","2026-02-24","passed","2026-02-24","pickup latter Order Summary One Hour","","",""
"","18016","[ESO-DINE-IN-0213] Verify the order summary display when the transaction is completed with a single extra package order of 3 qty each","chromium","2026-02-24","passed","2026-02-24","Dine In Order Summary","","",""
"","30594","[ESO-PICK-UP-0177,0180] PICK-UP transactions using expired online vouchers.","chromium","2026-02-25","passed","2026-02-25","Pickup Transaction","","",""
"","41809","[ESO-DINE-IN-0275] Reorder with a single menu item on the history summary page","chromium","2026-02-24","passed","2026-02-24","Dine In ReOrder Summary","","",""
"","18491","[ESO-DINE-IN-0081] Edit menu change menu with package menu after applying voucher and promo","chromium","2026-02-24","passed","2026-02-24","Dine In Promo And Voucher","","",""
"","10073","[ESO-PICK-UP-0224] Verify the order summary display when dining in and paying with card/ debit online","chromium","2026-02-24","passed","2026-02-24","Pick Up Order Summary","","",""
"","25377","[ESO-DINE-IN-0195] Dine-in transactions with Maybank VA payments","chromium","2026-02-24","passed","2026-02-24","Dine in Transaction","","",""
"","24847","[ESO-PICK-UPLT-0055] User Verification Successful Apply ESO % menu category detail promo by entering promo code in the promo and voucher section page in PICK-UP mode","chromium","2026-02-24","passed","2026-02-24","Pick Up latter Promo And Voucher","","",""
"","23236","[ESO-DINE-IN-0069] Apply Promo special price eso dengan memasukan promo code di halaman section promo and vocher dimode dinein","chromium","2026-02-24","passed","2026-02-24","Dine In Promo And Voucher","","",""
"","13036","[ESO-DINE-IN-0225] Verify the order summary display when dining in and paying with indepay","chromium","2026-02-24","passed","2026-02-24","Dine In Order Summary","","",""
"","63701","[ESO-PICKUPLTR185, 192] Current time Transactions for PICK-UP orders, extras, and set menus with a 35% discount on all categories by entering a valid promo code.","chromium","2026-02-24","passed","2026-02-24","Pickup Latter Transaction current time","","",""
"","60393","[ESO-PICKUPLTR232] Current time PICK-UP transactions, single orders, extras, set menus with special promotional prices, payment via dana","chromium","2026-02-25","passed","2026-02-25","Pickup Latter Transaction current time","","",""
"","96224","[ESO-PICKUPLTR195] Current time Transaction mode: PICK-UP order, single menu, apply promo: 10% discount on Menu Category, payment using Ovo.","chromium","2026-02-24","passed","2026-02-24","Pickup Latter Transaction current time","","",""
"","58236","[ESO-PICK-UP-0168] PICK-UP transactions, single orders, extras, set menus with special promotional prices, payment via BCA VA","chromium","2026-02-24","passed","2026-02-24","Pickup Transaction","","",""
"","58217","[ESO-DINE-IN-0226] Verify the order summary display when dining in with QR code payment","chromium","2026-02-24","passed","2026-02-24","Dine In Order Summary","","",""
"","23298","[ESO-PICKUPLTR128] Free Item Menu Package Package (head and filling have a price), head has a price and filling Rp. 0","chromium","2026-02-24","passed","2026-02-24","Pick Up latter Promo And Voucher","","",""
"","27218","[ESO-PICKUPLTR182, 194, 206, 230] Current time PICK-UP transactions, singles, extras, and set menus with a 50% Menu Discount promo applied, payable at the cashier","chromium","2026-02-24","passed","2026-02-24","Pickup Latter Transaction current time","","",""
"","9341","[ESO-PICKUPLTR165] Current time Transactions in PICK-UP mode with single menu orders paid using gopay","chromium","2026-02-24","passed","2026-02-24","Pickup Latter Transaction current time","","",""
"","24217","[ESO-DINE-IN-0165] Transactions for dine-in orders, singles, extras, and set menus with a 50% Menu Discount promo applied, payable at the cashier","chromium","2026-02-24","passed","2026-02-24","Dine in Transaction","","",""
"","60329","[ESO-PICKUPLTR452] Verify the order summary pickup later Current time display when dining in with bni va","chromium","2026-02-24","passed","2026-02-24","Pickup latter Order Summary Current Time","","",""
"","61076","[ESO-DINE-IN-0142] Transaction mode: dine-in order, single menu, apply promo Percentage Menu Category Details 70% payment using Ovo","chromium","2026-02-24","passed","2026-02-24","Dine in Transaction","","",""
"","16555","[ESO-PICK-UP-0205] Verify the order summary display when dining in with an extra menu order of 1 quantity","chromium","2026-02-24","passed","2026-02-24","Pick Up Order Summary","","",""
"","12555","[ESO-DINE-IN-0161,0113,0149] Transactions for dine-in orders, singles, extras, and set menus with a 50% discount promotion apply. The promotion is not valid on Mondays through Fridays","chromium","2026-02-24","passed","2026-02-24","Dine in Transaction","","",""
"","63888","[ESO-PICKUPLTR235] Current time PICK-UP transactions, single orders, extras, set menus with single menu items crossed out, payment via BNI VA","chromium","2026-02-25","passed","2026-02-25","Pickup Latter Transaction current time","","",""
"","15721","[ESO-PICK-UP-0031] User Verification Successful Apply Rp ESO amount promo by clicking promo card in the promo and voucher section page in PICK-UP mode","chromium","2026-02-24","passed","2026-02-24","Pick Up Promo And Voucher","","",""
"","23487","[ESO-PICK-UP-0175,0178] PICK-UP transactions, with online voucher application type amount not registered at the branch","chromium","2026-02-24","passed","2026-02-24","Pickup Transaction","","",""
"","40422","[ESO-PICKUPLTR271] Current time PICK-UP transactions with menu orders related by core and eso","chromium","2026-02-24","passed","2026-02-24","Pickup Latter Transaction current time","","",""
"","73519","[ESO-DINE-IN-0115] Transactions for dine-in orders, extras, and set menus with a promo amount of 25k by entering a valid promo code.","chromium","2026-02-24","passed","2026-02-24","Dine in Transaction","","",""
"","35457","[ESO-DINE-IN-0132,0156] Transactions for dine-in orders, extras, menu packages with a 10% discount promo for Menu Category 10% payment using BRI VA.","chromium","2026-02-24","passed","2026-02-24","Dine in Transaction","","",""
"","25277","[ESO-PICK-UP-0174] PICK-UP transactions, with expired offline vouchers applied","chromium","2026-02-24","passed","2026-02-24","Pickup Transaction","","",""
"","21747","[ESO-DINE-IN-0174] Dine-in transactions, with expired offline vouchers applied","chromium","2026-02-24","passed","2026-02-24","Dine in Transaction","","",""
"","93175","[ESO-PICKUPLTR258] Current time PICK-UP transactions, with unregistered ESB vouchers applied at the branch","chromium","2026-02-24","passed","2026-02-24","Pickup Latter Transaction current time","","",""
"","19052","[ESO-DINE-IN-0111,0123,0135,0112,0147.0148,0159,0160] Transaction mode: dine-in order, single, extra, set menu with a promo amount of 25k. Payment can only be made using Ovo.
However, I tried to pay using Dana.","chromium","2026-02-24","passed","2026-02-24","Dine in Transaction","","",""
"","65978","[ESO-PICKUPLTR207, 216] Current time Transaction mode: PICK-UP order, single menu, apply promo Percentage Menu Category Details 70% payment using Ovo","chromium","2026-02-25","passed","2026-02-25","Pickup Latter Transaction current time","","",""
"","25011","[ESO-PICK-UPLT-0052] User Verification Successful Apply ESO % menu category detail promo by clicking promo card in the promo and voucher section page in PICK-UP mode","chromium","2026-02-24","passed","2026-02-24","Pick Up latter Promo And Voucher","","",""
"","60855","[ESO-PICKUPLTR316] One Hour Transactions for PICK-UP orders, singles, extras, and set menus with a 35% discount on all categories when paying using BCA VA.","chromium","2026-02-24","passed","2026-02-24","Pickup Latter Transaction one hour","","",""
"","32490","[ESO-DINE-IN-0221] Verify the order summary display when dining in and paying with dana","chromium","2026-02-24","passed","2026-02-24","Dine In Order Summary","","",""
"","17722","[ESO-PICKUPLTR510] Verify the order summary pickup later one hour display when dining in with a extra menu order using the menu notes","chromium","2026-02-24","passed","2026-02-24","pickup latter Order Summary One Hour","","",""
"","21091","[ESO-PICK-UP-0210] Verify the order summary display when dining in with a single menu order and an extra quantity of 13","chromium","2026-02-24","passed","2026-02-24","Pick Up Order Summary","","",""
"","96810","[ESO-PICKUPLTR563] Verify the order summary pickup later one hour display when the transaction is PICK-UP price inclusive","chromium","2026-02-24","passed","2026-02-24","pickup latter Order Summary One Hour","","",""
"","23849","[ESO-DINE-IN-0167] Dine-in transactions, single orders, extras, set menus with special promotional prices, payment via dana","chromium","2026-02-24","passed","2026-02-24","Dine in Transaction","","",""
"","26431","[ESO-PICKUPLTR130] Edit menu change menu with single menu after applying voucher and promo","chromium","2026-02-24","passed","2026-02-24","Pick Up latter Promo And Voucher","","",""
"","34014","[ESO-DINE-IN-0270] Reorder with a single menu item on the order summary page","chromium","2026-02-24","passed","2026-02-24","Dine In ReOrder Summary","","",""
"","31151","[ESO-PICK-UP-0102,0188] Transactions in PICK-UP mode with single menu orders paid using shopee","chromium","2026-02-24","passed","2026-02-24","Pickup Transaction","","",""
"","13402","[ESO-PICKUPLTR427] Verify the order summary pickup later Current time display when dining in with a single menu order of 1 quantity","chromium","2026-02-24","passed","2026-02-24","Pickup latter Order Summary Current Time","","",""
"","30428","[ESO-DINE-IN-0269] Verify the order summary display when the transaction is dine-in price non inclusive","chromium","2026-02-24","passed","2026-02-24","Dine In Order Summary","","",""
"","21710","[ESO-DINE-IN-0173] Dine-in transactions with offline vouchers that do not meet the subtotal requirements","chromium","2026-02-24","passed","2026-02-24","Dine in Transaction","","",""
"","25937","[ESO-PICK-UP-0214] Verify the order summary display when the transaction is completed with a single extra package order of 19 qty each","chromium","2026-02-24","passed","2026-02-24","Pick Up Order Summary","","",""
"","107363","[ESO-PICKUPLTR204] Current time Transactions for PICK-UP orders, singles, extras, and set menus with a 10% discount on Menu Category items by entering a valid promo code.","chromium","2026-02-24","passed","2026-02-24","Pickup Latter Transaction current time","","",""
"","61465","[ESO-PICK-UP-0108,0193] Transaction mode: PICK-UP order, single, extra, menu package with a promo amount of 25k, payment using BRI VA.","chromium","2026-02-24","passed","2026-02-24","Pickup Transaction","","",""
"","48141","[ESO-PICK-UP-0115] Transactions for PICK-UP orders, extras, and set menus with a promo amount of 25k by entering a valid promo code.","chromium","2026-02-24","passed","2026-02-24","Pickup Transaction","","",""
"","22075","[ESO-PICK-UPLT-0038] User Verification Successful Apply ESO % all category promo by clicking promo card in the promo and voucher section page in PICK-UP mode","chromium","2026-02-24","passed","2026-02-24","Pick Up latter Promo And Voucher","","",""
"","46748","[ESO-PICK-UP-0127,0163] Transactions for PICK-UP orders, extras, and set menus with a 35% discount on all categories by entering a valid promo code.","chromium","2026-02-24","passed","2026-02-24","Pickup Transaction","","",""
"","33032","[ESO-PICK-UP-0244] Verify the order summary display when dining in and applying the eso promo amount","chromium","2026-02-24","passed","2026-02-24","Pick Up Order Summary","","",""
"","19764","[ESO-PICK-UP-0082] Apply Promo limit % with single menu","chromium","2026-02-24","passed","2026-02-24","Pick Up Promo And Voucher","","",""
"","17097","[ESO-PICK-UP-0209] Verify the order summary display when dining in with a single menu order and an extra quantity of 1","chromium","2026-02-24","passed","2026-02-24","Pick Up Order Summary","","",""
"","20907","[ESO-PICKUPLTR435] Verify the order summary pickup later Current time display when dining in with a single menu order and an package quantity of 5","chromium","2026-02-24","passed","2026-02-24","Pickup latter Order Summary Current Time","","",""
"","24619","[ESO-PICKUPLTR516] Verify the order summary pickup later one hour display when dining in and paying with linkaja","chromium","2026-02-24","passed","2026-02-24","pickup latter Order Summary One Hour","","",""
"","19082","[ESO-PICKUPLTR176, 188, 200, 177, 189, 201, 212, 213, 224] Current time Transaction mode: PICK-UP order, single, extra, set menu with a promo amount of 25k. Payment can only be made using Ovo.
However, I tried to pay using Dana.","chromium","2026-02-24","passed","2026-02-24","Pickup Latter Transaction current time","","",""
"","98582","[ESO-PICKUPLTR183] Current time Transactions for PICK-UP orders, singles, extras, and set menus with a 35% discount on all categories when paying using BCA VA.","chromium","2026-02-24","passed","2026-02-24","Pickup Latter Transaction current time","","",""
"","64225","[ESO-DINE-IN-0231] Verify the order summary display when dining in with cimb va","chromium","2026-02-24","passed","2026-02-24","Dine In Order Summary","","",""
"","20459","[ESO-DINE-IN-0045] User Verification Successful Apply ESO % menu category promo by clicking promo card in the promo and voucher section page in dine-in mode","chromium","2026-02-24","passed","2026-02-24","Dine In Promo And Voucher","","",""
"","37755","[ESO-DINE-IN-0357] Reorder with a menu that has 1 item left in stock, but reorder with a quantity of 3 on the order summary page","chromium","2026-02-24","passed","2026-02-24","Dine In ReOrder Summary","","",""
"","67744","[ESO-PICKUPLTR208] Current time Transactions for PICK-UP orders, singles, extras, menu packages with promo applied Menu Category Details 70% payment using BCA VA","chromium","2026-02-24","passed","2026-02-24","Pickup Latter Transaction current time","","",""
"","40609","[ESO-PICKUPLTR167, 279] Current time Transactions in PICK-UP mode with single, package and extra menu orders paid using shopee","chromium","2026-02-24","passed","2026-02-24","Pickup Latter Transaction current time","","",""
"","30126","[ESO-PICK-UP-0221] Verify the order summary display when dining in and paying with dana","chromium","2026-02-24","passed","2026-02-24","Pick Up Order Summary","","",""
